-- MySQL Script generated by MySQL Workbench
-- Fri Sep 21 15:40:07 2018
-- Model: New Model    Version: 1.0
-- MySQL Workbench Forward Engineering

SET @OLD_UNIQUE_CHECKS=@@UNIQUE_CHECKS, UNIQUE_CHECKS=0;
SET @OLD_FOREIGN_KEY_CHECKS=@@FOREIGN_KEY_CHECKS, FOREIGN_KEY_CHECKS=0;
SET @OLD_SQL_MODE=@@SQL_MODE, SQL_MODE='TRADITIONAL,ALLOW_INVALID_DATES';

-- -----------------------------------------------------
-- Schema health
-- -----------------------------------------------------
DROP SCHEMA IF EXISTS `health` ;

-- -----------------------------------------------------
-- Schema health
-- -----------------------------------------------------
CREATE SCHEMA IF NOT EXISTS `health` DEFAULT CHARACTER SET utf8 ;
USE `health` ;

-- -----------------------------------------------------
-- Table `health`.`configs`
-- -----------------------------------------------------
DROP TABLE IF EXISTS `health`.`configs` ;

CREATE TABLE IF NOT EXISTS `health`.`configs` (
  `id` INT(11) NOT NULL AUTO_INCREMENT,
  `description` VARCHAR(255) CHARACTER SET 'latin1' NOT NULL,
  `value` LONGTEXT CHARACTER SET 'latin1' NULL DEFAULT NULL,
  PRIMARY KEY (`id`),
  UNIQUE INDEX `description_UNIQUE` (`description` ASC),
  UNIQUE INDEX `id_UNIQUE` (`id` ASC))
ENGINE = InnoDB
AUTO_INCREMENT = 4
DEFAULT CHARACTER SET = utf8;


-- -----------------------------------------------------
-- Table `health`.`patients`
-- -----------------------------------------------------
DROP TABLE IF EXISTS `health`.`patients` ;

CREATE TABLE IF NOT EXISTS `health`.`patients` (
  `id` INT(11) NOT NULL AUTO_INCREMENT,
  `firstname` VARCHAR(100) CHARACTER SET 'utf8mb4' NOT NULL,
  `lastname` VARCHAR(100) CHARACTER SET 'utf8mb4' NULL DEFAULT NULL,
  `birthdate` DATE NULL DEFAULT NULL,
  `medical_record` VARCHAR(20) CHARACTER SET 'utf8mb4' NULL DEFAULT NULL,
  UNIQUE INDEX `id_UNIQUE` (`id` ASC),
  PRIMARY KEY (`id`))
ENGINE = InnoDB
AUTO_INCREMENT = 1
DEFAULT CHARACTER SET = utf8;


-- -----------------------------------------------------
-- Table `health`.`studies`
-- -----------------------------------------------------
DROP TABLE IF EXISTS `health`.`studies` ;

CREATE TABLE IF NOT EXISTS `health`.`studies` (
  `id` INT(11) NOT NULL AUTO_INCREMENT,
  `appt_date` DATE NOT NULL,
  `study_uid` VARCHAR(100) CHARACTER SET 'latin1' NOT NULL,
  `study_desc` VARCHAR(100) CHARACTER SET 'latin1' NOT NULL,
  `accession` VARCHAR(25) CHARACTER SET 'latin1' NOT NULL,
  `history` VARCHAR(255) CHARACTER SET 'latin1' NOT NULL,
  `institution` VARCHAR(255) CHARACTER SET 'latin1' NOT NULL,
  `sent_from_ae` VARCHAR(25) CHARACTER SET 'latin1' NOT NULL,
  `sent_to_ae` VARCHAR(25) CHARACTER SET 'latin1' NOT NULL,
  `patient_id` INT(11) NOT NULL,
  PRIMARY KEY (`id`),
  UNIQUE INDEX `id_UNIQUE` (`id` ASC),
  INDEX `fk_studies_patients1_idx` (`patient_id` ASC),
  CONSTRAINT `fk_studies_patients1`
    FOREIGN KEY (`patient_id`)
    REFERENCES `health`.`patients` (`id`)
    ON DELETE NO ACTION
    ON UPDATE NO ACTION)
ENGINE = InnoDB
AUTO_INCREMENT = 1
DEFAULT CHARACTER SET = utf8;


-- -----------------------------------------------------
-- Table `health`.`images`
-- -----------------------------------------------------
DROP TABLE IF EXISTS `health`.`images` ;

CREATE TABLE IF NOT EXISTS `health`.`images` (
  `id` INT(11) NOT NULL AUTO_INCREMENT,
  `study_id` INT(11) NOT NULL,
  `series_number` INT(11) NOT NULL,
  `instance_number` INT(11) NOT NULL,
  `sop_instance` VARCHAR(255) CHARACTER SET 'latin1' NOT NULL,
  `transfer_syntax` VARCHAR(100) CHARACTER SET 'latin1' NOT NULL,
  `body_part_examined` VARCHAR(100) CHARACTER SET 'latin1' NOT NULL,
  `image_date` DATETIME NOT NULL,
  `modality` VARCHAR(4) CHARACTER SET 'latin1' NOT NULL,
  `src` VARCHAR(255) CHARACTER SET 'latin1' NULL DEFAULT NULL,
  `thumb` VARCHAR(255) CHARACTER SET 'latin1' NULL DEFAULT NULL,
  PRIMARY KEY (`id`),
  UNIQUE INDEX `id_UNIQUE` (`id` ASC),
  INDEX `study_seq` (`study_id` ASC),
  CONSTRAINT `fk_images_studies1`
    FOREIGN KEY (`study_id`)
    REFERENCES `health`.`studies` (`id`)
    ON DELETE NO ACTION
    ON UPDATE NO ACTION)
ENGINE = InnoDB
AUTO_INCREMENT = 1
DEFAULT CHARACTER SET = utf8;


-- -----------------------------------------------------
-- Table `health`.`modules`
-- -----------------------------------------------------
DROP TABLE IF EXISTS `health`.`modules` ;

CREATE TABLE IF NOT EXISTS `health`.`modules` (
  `id` INT(11) NOT NULL AUTO_INCREMENT,
  `name` VARCHAR(105) NOT NULL,
  `action` VARCHAR(45) NULL DEFAULT NULL,
  PRIMARY KEY (`id`),
  UNIQUE INDEX `id_UNIQUE` (`id` ASC))
ENGINE = InnoDB
AUTO_INCREMENT = 1
DEFAULT CHARACTER SET = utf8;


-- -----------------------------------------------------
-- Table `health`.`profiles`
-- -----------------------------------------------------
DROP TABLE IF EXISTS `health`.`profiles` ;

CREATE TABLE IF NOT EXISTS `health`.`profiles` (
  `id` INT(11) NOT NULL AUTO_INCREMENT,
  `name` VARCHAR(105) NOT NULL,
  `status` TINYINT(1) NULL DEFAULT 1,
  `created` DATETIME NULL DEFAULT NULL,
  `modifiqued` DATETIME NULL DEFAULT NULL,
  `created_by` INT(11) NULL DEFAULT NULL,
  `modifiqued_by` INT(11) NULL DEFAULT NULL,
  UNIQUE INDEX `id_UNIQUE` (`id` ASC),
  PRIMARY KEY (`id`))
ENGINE = InnoDB
AUTO_INCREMENT = 1
DEFAULT CHARACTER SET = utf8;


-- -----------------------------------------------------
-- Table `health`.`modules_profiles`
-- -----------------------------------------------------
DROP TABLE IF EXISTS `health`.`modules_profiles` ;

CREATE TABLE IF NOT EXISTS `health`.`modules_profiles` (
  `id` INT(11) NOT NULL AUTO_INCREMENT,
  `modules_id` INT(11) NOT NULL,
  `profiles_id` INT(11) NOT NULL,
  PRIMARY KEY (`id`),
  UNIQUE INDEX `id_UNIQUE` (`id` ASC),
  INDEX `fk_modules_has_profiles_profiles1_idx` (`profiles_id` ASC),
  INDEX `fk_modules_profiles_modules1_idx` (`modules_id` ASC),
  CONSTRAINT `fk_modules_profiles_modules1`
    FOREIGN KEY (`modules_id`)
    REFERENCES `health`.`modules` (`id`)
    ON DELETE CASCADE
    ON UPDATE NO ACTION,
  CONSTRAINT `fk_modules_profiles_profiles1`
    FOREIGN KEY (`profiles_id`)
    REFERENCES `health`.`profiles` (`id`)
    ON DELETE NO ACTION
    ON UPDATE NO ACTION)
ENGINE = InnoDB
AUTO_INCREMENT = 1
DEFAULT CHARACTER SET = utf8;


-- -----------------------------------------------------
-- Table `health`.`users`
-- -----------------------------------------------------
DROP TABLE IF EXISTS `health`.`users` ;

CREATE TABLE IF NOT EXISTS `health`.`users` (
  `id` INT(11) NOT NULL AUTO_INCREMENT,
  `password` VARCHAR(45) NOT NULL,
  `username` VARCHAR(45) NOT NULL,
  `lastlogon` DATETIME NULL DEFAULT NULL,
  `created` DATETIME NULL DEFAULT NULL,
  `modified` DATETIME NULL DEFAULT NULL,
  `created_by` INT(11) NULL DEFAULT NULL,
  `modified_by` INT(11) NULL DEFAULT NULL,
  `profile_id` INT(11) NULL DEFAULT 1,
  `status` TINYINT(1) NULL DEFAULT 1,
  `language` VARCHAR(3) NULL DEFAULT NULL,
  PRIMARY KEY (`id`),
  UNIQUE INDEX `username_UNIQUE` (`username` ASC),
  UNIQUE INDEX `id_UNIQUE` (`id` ASC),
  INDEX `fk_users_profiles1_idx` (`profile_id` ASC),
  CONSTRAINT `fk_users_profiles1`
    FOREIGN KEY (`profile_id`)
    REFERENCES `health`.`profiles` (`id`)
    ON DELETE NO ACTION
    ON UPDATE NO ACTION)
ENGINE = InnoDB
AUTO_INCREMENT = 1
DEFAULT CHARACTER SET = utf8;


-- -----------------------------------------------------
-- Table `health`.`view_states`
-- -----------------------------------------------------
DROP TABLE IF EXISTS `health`.`view_states` ;

CREATE TABLE IF NOT EXISTS `health`.`view_states` (
  `id` INT(11) NOT NULL AUTO_INCREMENT,
  `state` LONGTEXT CHARACTER SET 'utf8mb4' NULL DEFAULT NULL,
  `description` VARCHAR(45) CHARACTER SET 'utf8mb4' NULL DEFAULT NULL,
  `user_id` INT(11) NOT NULL,
  `images_id` INT(11) NOT NULL,
  PRIMARY KEY (`id`),
  UNIQUE INDEX `id_UNIQUE` (`id` ASC),
  INDEX `fk_view_states_users1_idx` (`user_id` ASC),
  INDEX `fk_view_states_images1_idx` (`images_id` ASC),
  CONSTRAINT `fk_view_states_images1`
    FOREIGN KEY (`images_id`)
    REFERENCES `health`.`images` (`id`)
    ON DELETE NO ACTION
    ON UPDATE NO ACTION,
  CONSTRAINT `fk_view_states_users1`
    FOREIGN KEY (`user_id`)
    REFERENCES `health`.`users` (`id`)
    ON DELETE NO ACTION
    ON UPDATE NO ACTION)
ENGINE = InnoDB
AUTO_INCREMENT = 1
DEFAULT CHARACTER SET = utf8;


-- -----------------------------------------------------
-- Data for table `health`.`configs`
-- -----------------------------------------------------
START TRANSACTION;
USE `health`;
INSERT INTO `health`.`configs` (`id`, `description`, `value`) VALUES (1, 'dcmtkDir', NULL);
INSERT INTO `health`.`configs` (`id`, `description`, `value`) VALUES (2, 'pacsPort', NULL);
INSERT INTO `health`.`configs` (`id`, `description`, `value`) VALUES (3, 'defaultLanguage', 'por');

COMMIT;


-- -----------------------------------------------------
-- Data for table `health`.`modules`
-- -----------------------------------------------------
START TRANSACTION;
USE `health`;
INSERT INTO `health`.`modules` (`id`, `name`, `action`) VALUES (57, 'Usuários', 'Adicionar');
INSERT INTO `health`.`modules` (`id`, `name`, `action`) VALUES (58, 'Usuários', 'Editar');
INSERT INTO `health`.`modules` (`id`, `name`, `action`) VALUES (59, 'Usuários', 'Excluir');
INSERT INTO `health`.`modules` (`id`, `name`, `action`) VALUES (60, 'Usuários', 'Visualizar');
INSERT INTO `health`.`modules` (`id`, `name`, `action`) VALUES (61, 'Perfil', 'Adicionar');
INSERT INTO `health`.`modules` (`id`, `name`, `action`) VALUES (62, 'Perfil', 'Editar');
INSERT INTO `health`.`modules` (`id`, `name`, `action`) VALUES (63, 'Perfil', 'Excluir');
INSERT INTO `health`.`modules` (`id`, `name`, `action`) VALUES (64, 'Perfil', 'Visualizar');
INSERT INTO `health`.`modules` (`id`, `name`, `action`) VALUES (206, 'Configurações', 'Adicionar');
INSERT INTO `health`.`modules` (`id`, `name`, `action`) VALUES (207, 'Configurações', 'Editar');
INSERT INTO `health`.`modules` (`id`, `name`, `action`) VALUES (208, 'Configurações', 'Excluir');
INSERT INTO `health`.`modules` (`id`, `name`, `action`) VALUES (209, 'Configurações', 'Visualizar');
INSERT INTO `health`.`modules` (`id`, `name`, `action`) VALUES (232, 'Exames', 'Visualizar');
INSERT INTO `health`.`modules` (`id`, `name`, `action`) VALUES (233, 'Busca de Exames', 'Visualizar');

COMMIT;


-- -----------------------------------------------------
-- Data for table `health`.`profiles`
-- -----------------------------------------------------
START TRANSACTION;
USE `health`;
INSERT INTO `health`.`profiles` (`id`, `name`, `status`, `created`, `modifiqued`, `created_by`, `modifiqued_by`) VALUES (1, 'Administrator', 1, NULL, NULL, 1, NULL);

COMMIT;


-- -----------------------------------------------------
-- Data for table `health`.`modules_profiles`
-- -----------------------------------------------------
START TRANSACTION;
USE `health`;
INSERT INTO `health`.`modules_profiles` (`id`, `modules_id`, `profiles_id`) VALUES (1, 57, 1);
INSERT INTO `health`.`modules_profiles` (`id`, `modules_id`, `profiles_id`) VALUES (2, 58, 1);
INSERT INTO `health`.`modules_profiles` (`id`, `modules_id`, `profiles_id`) VALUES (3, 59, 1);
INSERT INTO `health`.`modules_profiles` (`id`, `modules_id`, `profiles_id`) VALUES (4, 60, 1);
INSERT INTO `health`.`modules_profiles` (`id`, `modules_id`, `profiles_id`) VALUES (5, 61, 1);
INSERT INTO `health`.`modules_profiles` (`id`, `modules_id`, `profiles_id`) VALUES (6, 62, 1);
INSERT INTO `health`.`modules_profiles` (`id`, `modules_id`, `profiles_id`) VALUES (7, 63, 1);
INSERT INTO `health`.`modules_profiles` (`id`, `modules_id`, `profiles_id`) VALUES (8, 64, 1);
INSERT INTO `health`.`modules_profiles` (`id`, `modules_id`, `profiles_id`) VALUES (9, 232, 1);
INSERT INTO `health`.`modules_profiles` (`id`, `modules_id`, `profiles_id`) VALUES (10, 206, 1);
INSERT INTO `health`.`modules_profiles` (`id`, `modules_id`, `profiles_id`) VALUES (11, 207, 1);
INSERT INTO `health`.`modules_profiles` (`id`, `modules_id`, `profiles_id`) VALUES (12, 208, 1);
INSERT INTO `health`.`modules_profiles` (`id`, `modules_id`, `profiles_id`) VALUES (13, 209, 1);
INSERT INTO `health`.`modules_profiles` (`id`, `modules_id`, `profiles_id`) VALUES (14, 233, 1);

COMMIT;


-- -----------------------------------------------------
-- Data for table `health`.`users`
-- -----------------------------------------------------
START TRANSACTION;
USE `health`;
INSERT INTO `health`.`users` (`id`, `password`, `username`, `lastlogon`, `created`, `modified`, `created_by`, `modified_by`, `profile_id`, `status`, `language`) VALUES (1, 'e1a56ba8dfe8e6843769df0f22f8b90061b3eb69', 'admin', NULL, '2018-08-06 12:38:42', '2018-08-06 12:38:42', NULL, NULL, 1, 1, NULL);

COMMIT;


SET SQL_MODE=@OLD_SQL_MODE;
SET FOREIGN_KEY_CHECKS=@OLD_FOREIGN_KEY_CHECKS;
SET UNIQUE_CHECKS=@OLD_UNIQUE_CHECKS;
